{
  "task_id": "2c34a2b5-88c3-4d78-a42b-5623cf225044",
  "dwg_name": "plan_2.dwg",
  "range": [
    152392.49687295724,
    11380.767093073773,
    172759.61868941432,
    27619.11014929737
  ],
  "box": [
    17.558821942662064,
    1136.3778608341918,
    526.7368664133944,
    1542.336436489783
  ],
  "rooms": [
    {
      "poly": [
        [
          580.0,
          732.0
        ],
        [
          660.0,
          732.0
        ],
        [
          670.0,
          732.0
        ],
        [
          670.0,
          592.0
        ],
        [
          670.0,
          552.0
        ],
        [
          670.0,
          472.0
        ],
        [
          630.0,
          472.0
        ],
        [
          630.0,
          465.0
        ],
        [
          570.0,
          465.0
        ],
        [
          570.0,
          472.0
        ],
        [
          545.0,
          472.0
        ],
        [
          545.0,
          567.0
        ],
        [
          510.0,
          567.0
        ],
        [
          510.0,
          702.0
        ],
        [
          510.0,
          732.0
        ],
        [
          570.0,
          732.0
        ],
        [
          580.0,
          732.0
        ]
      ],
      "id": 1,
      "area": 3.8695,
      "perimeter": 8.54,
      "function": [
        "rest"
      ],
      "labels": [
        {
          "text": "主卫",
          "x": 600,
          "y": 661
        }
      ]
    },
    {
      "poly": [
        [
          660.0,
          735.0
        ],
        [
          580.0,
          735.0
        ],
        [
          580.0,
          752.0
        ],
        [
          570.0,
          752.0
        ],
        [
          510.0,
          752.0
        ],
        [
          510.0,
          1002.0
        ],
        [
          510.0,
          1042.0
        ],
        [
          510.0,
          1212.0
        ],
        [
          510.0,
          1242.0
        ],
        [
          570.0,
          1242.0
        ],
        [
          570.0,
          1262.0
        ],
        [
          570.0,
          1282.0
        ],
        [
          580.0,
          1282.0
        ],
        [
          580.0,
          1289.0
        ],
        [
          790.0,
          1289.0
        ],
        [
          790.0,
          1282.0
        ],
        [
          800.0,
          1282.0
        ],
        [
          800.0,
          1262.0
        ],
        [
          800.0,
          1242.0
        ],
        [
          840.0,
          1242.0
        ],
        [
          840.0,
          1212.0
        ],
        [
          840.0,
          1092.0
        ],
        [
          840.0,
          1052.0
        ],
        [
          840.0,
          852.0
        ],
        [
          840.0,
          762.0
        ],
        [
          840.0,
          752.0
        ],
        [
          660.0,
          752.0
        ],
        [
          660.0,
          735.0
        ]
      ],
      "id": 2,
      "area": 17.373,
      "perimeter": 17.68,
      "function": [
        "bed"
      ],
      "labels": [
        {
          "text": "主卧",
          "x": 741,
          "y": 1022
        }
      ]
    },
    {
      "poly": [
        [
          860.0,
          732.0
        ],
        [
          950.0,
          732.0
        ],
        [
          960.0,
          732.0
        ],
        [
          960.0,
          402.0
        ],
        [
          895.0,
          402.0
        ],
        [
          895.0,
          395.0
        ],
        [
          745.0,
          395.0
        ],
        [
          745.0,
          402.0
        ],
        [
          690.0,
          402.0
        ],
        [
          690.0,
          472.0
        ],
        [
          690.0,
          552.0
        ],
        [
          690.0,
          592.0
        ],
        [
          690.0,
          732.0
        ],
        [
          860.0,
          732.0
        ]
      ],
      "id": 3,
      "area": 9.015,
      "perimeter": 12.14,
      "function": [
        "bed"
      ],
      "labels": [
        {
          "text": "次卧02(儿童房)",
          "x": 766,
          "y": 659
        }
      ]
    },
    {
      "poly": [
        [
          950.0,
          736.0
        ],
        [
          860.0,
          736.0
        ],
        [
          860.0,
          752.0
        ],
        [
          850.0,
          752.0
        ],
        [
          850.0,
          762.0
        ],
        [
          844.0,
          762.0
        ],
        [
          844.0,
          852.0
        ],
        [
          850.0,
          852.0
        ],
        [
          850.0,
          872.0
        ],
        [
          870.0,
          872.0
        ],
        [
          870.0,
          878.0
        ],
        [
          960.0,
          878.0
        ],
        [
          960.0,
          872.0
        ],
        [
          1160.0,
          872.0
        ],
        [
          1160.0,
          1052.0
        ],
        [
          1160.0,
          1092.0
        ],
        [
          1160.0,
          1282.0
        ],
        [
          1160.0,
          1312.0
        ],
        [
          1210.0,
          1312.0
        ],
        [
          1210.0,
          1319.0
        ],
        [
          1510.0,
          1319.0
        ],
        [
          1510.0,
          1312.0
        ],
        [
          1560.0,
          1312.0
        ],
        [
          1560.0,
          998.0
        ],
        [
          1560.0,
          908.0
        ],
        [
          1560.0,
          872.0
        ],
        [
          1615.0,
          872.0
        ],
        [
          1615.0,
          852.0
        ],
        [
          1615.0,
          752.0
        ],
        [
          1605.0,
          752.0
        ],
        [
          1605.0,
          742.0
        ],
        [
          1597.0,
          742.0
        ],
        [
          1597.0,
          741.0
        ],
        [
          1493.0,
          741.0
        ],
        [
          1493.0,
          742.0
        ],
        [
          1485.0,
          742.0
        ],
        [
          1485.0,
          752.0
        ],
        [
          1450.0,
          752.0
        ],
        [
          1450.0,
          612.0
        ],
        [
          1450.0,
          482.0
        ],
        [
          1450.0,
          452.0
        ],
        [
          1385.0,
          452.0
        ],
        [
          1385.0,
          443.0
        ],
        [
          1225.0,
          443.0
        ],
        [
          1225.0,
          452.0
        ],
        [
          1160.0,
          452.0
        ],
        [
          1160.0,
          562.0
        ],
        [
          1160.0,
          602.0
        ],
        [
          1160.0,
          702.0
        ],
        [
          1160.0,
          752.0
        ],
        [
          1090.0,
          752.0
        ],
        [
          1060.0,
          752.0
        ],
        [
          1060.0,
          734.0
        ],
        [
          980.0,
          734.0
        ],
        [
          980.0,
          752.0
        ],
        [
          950.0,
          752.0
        ],
        [
          950.0,
          736.0
        ]
      ],
      "id": 4,
      "area": 36.3604,
      "perimeter": 33.96,
      "function": [
        "canteen",
        "living"
      ],
      "labels": [
        {
          "text": "餐厅",
          "x": 1286,
          "y": 644
        },
        {
          "text": "客厅",
          "x": 1301,