{
  "task_id": "a6ea155a-37a6-44ee-9061-aa117419b1f9",
  "dwg_name": "plan_2.dwg",
  "range": [
    152392.49687295724,
    11380.767093073773,
    172759.61868941432,
    27619.11014929737
  ],
  "box": [
    17.558821942662064,
    1136.3778608341918,
    526.7368664133944,
    1542.336436489783
  ],
  "doors": {
    "single_arc_doors": [
      [
        982,
        653,
        1058,
        729
      ],
      [
        863,
        648,
        947,
        732
      ],
      [
        582,
        653,
        658,
        729
      ],
      [
        756,
        765,
        840,
        849
      ],
      [
        873,
        882,
        957,
        966
      ],
      [
        592,
        566,
        652,
        627
      ],
      [
        988,
        491,
        1048,
        552
      ],
      [
        1562,
        913,
        1642,
        993
      ]
    ],
    "double_arc_doors": [
      [
        1491,
        658,
        1599,
        739
      ]
    ],
    "slide_doors": [
      [
        1228,
        438,
        1382,
        443,
        0
      ]
    ]
  }
}