{
  "task_id": "ece90b31-7a47-4e1b-945b-32f21b6d37c4",
  "dwg_name": "(T3) 12#楼105户型平面图（镜像）.dwg",
  "range": [
    -1.3234966900199652e-08,
    -46890.239890732824,
    24950.00000117384,
    -26890.239890732824
  ],
  "box": [
    33667.82483482582,
    12384.333364205115,
    34166.824834849554,
    12784.333364205115
  ],
  "doors": {
    "single_arc_doors": [
      [
        686,
        899,
        788,
        1001
      ],
      [
        1601,
        1006,
        1688,
        1094
      ],
      [
        1351,
        1006,
        1438,
        1094
      ],
      [
        1448,
        798,
        1536,
        886
      ],
      [
        1581,
        793,
        1668,
        881
      ],
      [
        1703,
        1017,
        1781,
        1095
      ],
      [
        884,
        1106,
        962,
        1184
      ],
      [
        1772,
        959,
        1831,
        1042
      ],
      [
        894,
        1193,
        960,
        1259
      ]
    ],
    "double_arc_doors": [],
    "slide_doors": [
      [
        1023,
        558,
        1203,
        564
      ],
      [
        968,
        622,
        973,
        782
      ],
      [
        1023,
        1287,
        1263,
        1294
      ]
    ]
  }
}