{
  "task_id": "ece90b31-7a47-4e1b-945b-32f21b6d37c4",
  "dwg_name": "(T3) 12#楼105户型平面图（镜像）.dwg",
  "range": [
    -1.3234966900199652e-08,
    -46890.239890732824,
    24950.00000117384,
    -26890.239890732824
  ],
  "box": [
    33667.82483482582,
    12384.333364205115,
    34166.824834849554,
    12784.333364205115
  ],
  "rooms": [
    {
      "poly": [
        [
          1703.0,
          1017.0
        ],
        [
          1703.0,
          1097.0
        ],
        [
          1708.0,
          1097.0
        ],
        [
          1708.0,
          1101.0
        ],
        [
          1888.0,
          1101.0
        ],
        [
          1888.0,
          1051.0
        ],
        [
          1888.0,
          871.0
        ],
        [
          1888.0,
          831.0
        ],
        [
          1828.0,
          831.0
        ],
        [
          1828.0,
          891.0
        ],
        [
          1793.0,
          891.0
        ],
        [
          1793.0,
          926.0
        ],
        [
          1708.0,
          926.0
        ],
        [
          1708.0,
          1017.0
        ],
        [
          1703.0,
          1017.0
        ]
      ],
      "id": 1,
      "area": 3.8825,
      "perimeter": 9.1,
      "function": [
        "rest"
      ],
      "labels": [
        {
          "text": "主卫",
          "x": 1721,
          "y": 1035
        }
      ]
    },
    {
      "poly": [
        [
          1699.0,
          1097.0
        ],
        [
          1699.0,
          1017.0
        ],
        [
          1698.0,
          1017.0
        ],
        [
          1698.0,
          1011.0
        ],
        [
          1688.0,
          1011.0
        ],
        [
          1688.0,
          1006.0
        ],
        [
          1598.0,
          1006.0
        ],
        [
          1598.0,
          1011.0
        ],
        [
          1588.0,
          1011.0
        ],
        [
          1588.0,
          1281.0
        ],
        [
          1588.0,
          1441.0
        ],
        [
          1628.0,
          1441.0
        ],
        [
          1628.0,
          1461.0
        ],
        [
          1628.0,
          1501.0
        ],
        [
          1838.0,
          1501.0
        ],
        [
          1888.0,
          1501.0
        ],
        [
          1888.0,
          1461.0
        ],
        [
          1848.0,
          1461.0
        ],
        [
          1848.0,
          1441.0
        ],
        [
          1888.0,
          1441.0
        ],
        [
          1888.0,
          1296.0
        ],
        [
          1888.0,
          1111.0
        ],
        [
          1698.0,
          1111.0
        ],
        [
          1698.0,
          1097.0
        ],
        [
          1699.0,
          1097.0
        ]
      ],
      "id": 2,
      "area": 12.533,
      "perimeter": 16.72,
      "function": [
        "bed"
      ],
      "labels": [
        {
          "text": "主卧",
          "x": 1639,
          "y": 1168
        }
      ]
    },
    {
      "poly": [
        [
          964.0,
          1106.0
        ],
        [
          884.0,
          1106.0
        ],
        [
          884.0,
          1111.0
        ],
        [
          798.0,
          1111.0
        ],
        [
          798.0,
          1196.0
        ],
        [
          833.0,
          1196.0
        ],
        [
          833.0,
          1281.0
        ],
        [
          833.0,
          1301.0
        ],
        [
          798.0,
          1301.0
        ],
        [
          798.0,
          1341.0
        ],
        [
          878.0,
          1341.0
        ],
        [
          938.0,
          1341.0
        ],
        [
          958.0,
          1341.0
        ],
        [
          958.0,
          1281.0
        ],
        [
          968.0,
          1281.0
        ],
        [
          968.0,
          1111.0
        ],
        [
          964.0,
          1111.0
        ],
        [
          964.0,
          1106.0
        ]
      ],
      "id": 3,
      "area": 3.5225,
      "perimeter": 8.8,
      "function": [
        "rest"
      ],
      "labels": [
        {
          "text": "客卫",
          "x": 924,
          "y": 1242
        }
      ]
    },
    {
      "poly": [
        [
          1438.0,
          1006.0
        ],
        [
          1348.0,
          1006.0
        ],
        [
          1348.0,
          1011.0
        ],
        [
          1338.0,
          1011.0
        ],
        [
          1338.0,
          1136.0
        ],
        [
          1348.0,
          1136.0
        ],
        [
          1348.0,
          1281.0
        ],
        [
          1348.0,
          1301.0
        ],
        [
          1348.0,
          1341.0
        ],
        [
          1363.0,
          1341.0
        ],
        [
          1543.0,
          1341.0
        ],
        [
          1568.0,
          1341.0
        ],
        [
          1568.0,
          1281.0
        ],
        [
          1578.0,
          1281.0
        ],
        [
          1578.0,
          1011.0
        ],
        [
          1438.0,
          1011.0
        ],
        [
          1438.0,
          1006.0
        ]
      ],
      "id": 4,
      "area": 7.7,
      "perimeter": 11.5,
      "function": [
        "bed"
      ],
      "labels": [
        {
          "text": "次卧二",
          "x": 1401,
          "y": 1119
        }
      ]
    },
    {
      "poly": [
        [
          1448.0,
          886.0
        ],
        [
          1538.0,
          886.0
        ],
        [
          1538.0,
          881.0
        ],
        [
          1548.0,
          881.0
        ],
        [
          1548.0,
          716.0
        ],
        [
          1548.0,
          551.0
        ],
        [
          1548.0,
          511.0
        ],
        [
          1488.0,
          511.0
        ],
        [
          1308.0,
          511.0
        ],
        [
          1268.0,
          511.0
        ],
        [
          1268.0,
          551.0
        ],
        [
          1308.0,
          551.0
        ],
        [
          1308.0,
          571.0
        ],
        [
          1268.0,
          571.0
        ],
        [
          1268.0,
          871.0
        ],
        [
          1348.0,
          871.0
        ],
        [
          1348.0,
          881.0
        ],
        [
          1448.0,
          881.0
        ],
        [
          1448.0,
          886.0
        ]
      ],
      "id": 5,
      "area": 10.245,
      "perimeter": 13.9,
      "function": [
        "bed"
      ],
      "labels": [
        {
          "text": "次卧一",
          "x": 1357,
          "y": 760
        }
      ]
    },
    {
      "poly": [
        [
          1578.0,
          881.0
        ],
        [
          1668.0,
          881.0
        ],
        [
          1668.0,
          871.0
        ],
        [
          1808.0,
          871.0
        ],
        [
          1808.0,
          571.0
        ],
        [
          1758.0,
          571.0
        ],
        [
          1608.0,
          571.0
        ],
        [
          1568.0,
          571.0
        ],
        [
          1568.0,
          716.0
        ],
        [
          1568.0,
          871.0
        ],
        [
          1578.0,
          871.0
        ],
        [
          1578.0,
          881.0
        ]
      ],
      "id": 6,
      "area": 7.29,
      "perimeter": 11.0,
      "function": [
        "bolcany"
      ],
      "labels": [
        {
          "text": "结构阳台",
          "x": 1626,