{
  "dwg_name": "(T3) 12#楼105户型平面图（镜像）",
  "match_data": {
    "(T3)105㎡户型12#03单元交标大货天花布置图": {
      "嵌入式LED筒灯": {
        "node_num": 3,
        "rects": [
          [
            14117.894879102241,
            -36331.132651350694,
            15017.894879102241,
            -35602.10301136653
          ],
          [
            14317.894879103405,
            -37676.33437927252,
            15217.894879103405,
            -36902.1030113672
          ],
          [
            14732.099173505036,
            -37862.103011366155,
            15447.894879102008,
            -37062.103011367115
          ],
          [
            14317.894879103405,
            -37002.10301136691,
            15217.894879103405,
            -36256.760762624486
          ],
          [
            7052.470075226798,
            -38032.10301136671,
            7177.894879103173,
            -37362.117306911474
          ],
          [
            7052.470075226798,
            -38032.10301136671,
            7977.894879103405,
            -37362.117306911474
          ]
        ]
      },
      "嵌入式可调角度射灯": {
        "node_num": 2,
        "rects": [
          [
            8147.324015901087,
            -38685.0510675547,
            8347.894879102067,
            -37897.10301136675
          ],
          [
            8147.324015901087,
            -38007.10301136675,
            8347.894879102067,
            -37810.15209244489
          ],
          [
            8147.324015901087,
            -38807.10301136675,
            8347.894879102067,
            -38610.15209244489
          ]
        ]
      },
      "吸顶灯": {
        "node_num": 1,
        "rects": [
          [
            9270.394879102521,
            -32074.603011366587,
            9665.394879102561,
            -31679.603011366547
          ],
          [
            9695.394879101124,
            -40774.603011367544,
            10090.394879101164,
            -40379.60301136751
          ]
        ]
      },
      "排气扇": {
        "node_num": 1,
        "rects": [
          [
            16622.89187319734,
            -36647.10301136662,
            16922.891873201064,
            -36347.10301136662
          ],
          [
            7213.645757562423,
            -39406.6821154466,
            7513.645757566148,
            -39106.6821154466
          ]
        ]
      }
    },
    "(T3)105㎡户型12#03单元交标大货平面布置及索引图": {
      "燃气表": {
        "node_num": 1,
        "rects": [
          [
            8117.894879102445,
            -31682.855738446116,
            8277.894879102445,
            -31442.855738446116
          ]
        ]
      }
    },
    "(T3)105㎡户型12#03单元交标大货插座布置图": {
      "   4、客厅空调，上、下孔与插座关系如图：": {
        "node_num": 4,
        "rects": [
          [
            6347.894879101543,
            -38032.10301136671,
            7177.894879103173,
            -37132.10301136665
          ],
          [
            6347.894879101543,
            -38032.10301136671,
            7177.894879103173,
            -37102.10301136665
          ]
        ]
      }
    },
    "(T3)105㎡户型12#03单元交标大货灯具开线、开关定位图": {
      "嵌入式LED筒灯": {
        "node_num": 3,
        "rects": [
          [
            14117.894879102241,
            -36331.132651350694,
            15017.894879102241,
            -35602.10301136653
          ],
          [
            14317.894879103405,
            -37676.33437927252,
            15217.894879103405,
            -36902.1030113672
          ],
          [
            14732.099173505036,
            -37862.103011366155,
            15447.894879102008,
            -37062.103011367115
          ],
          [
            14317.894879103405,
            -37002.10301136691,
            15217.894879103405,
            -36256.760762624486
          ],
          [
            7052.470075226798,
            -38032.10301136671,
            7177.894879103173,
            -37362.117306911474
          ],
          [
            7052.470075226798,
            -38032.10301136671,
            7977.894879103405,
            -37362.117306911474
          ]
        ]
      },
      "嵌入式可调角度射灯": {
        "node_num": 2,
        "rects": [
          [
            8147.324015901087,
            -38685.0510675547,
            8347.894879102067,
            -37897.10301136675
          ],
          [
            8147.324015901087,
            -38007.10301136675,
            8347.894879102067,
            -37810.15209244489
          ],
          [
            8147.324015901087,
            -38807.10301136675,
            8347.894879102067,
            -38610.15209244489
          ]
        ]
      },
      "吸顶灯": {
        "node_num": 1,
        "rects": [
          [
            9270.394879102521,
            -32074.603011366587,
            9665.394879102561,
            -31679.603011366547
          ],
          [
            9695.394879101124,
            -40774.603011367544,
            10090.394879101164,
            -40379.60301136751
          ]
        ]
      },
      "排气扇": {
        "node_num": 1,
        "rects": [
          [
            16622.89187319734,
            -36647.10301136662,
            16922.891873201064,
            -36347.10301136662
          ],
          [
            7213.645757562423,
            -39406.6821154466,
            7513.645757566148,
            -39106.6821154466
          ]
        ]
      }
    },
    "(T3)105㎡户型12#03单元交标大货给排水图": {
      "冷水点位": {
        "node_num": 1,
        "rects": [
          [
            8137.894879103194,
            -31963.281782037928,
            8354.167921529019,
            -31841.41759187323
          ],
          [
            10601.621836677567,
            -32013.954047864318,
            10817.89487910339,
            -31892.089857699615
          ],
          [
            16082.347085743439,
            -36398.37605379155,
            16204.211275908141,
            -36182.103011365725
          ],
          [
            6347.894879102314,
            -38204.044990716815,
            6564.167921528137,
            -38082.18080055211
          ],
          [
            8117.894879101768,
            -40262.28902056891,
            8334.167921527593,
            -40140.424830404205
          ]
        ]
      }
    }
  }
}