{
  "dwgPath": "E:\\School\\Grad1\\CAD\\MyCAD2\\CAD-main\\dwg_file\\public2\\plan_1\\plan_1.dwg",
  "outPath": "E:\\School\\Grad1\\CAD\\MyCAD2\\CAD-main\\dwg_file\\public2\\plan_1\\plan_1_ParallelWindow.json",
  "range": [
    -13797.863969016031,
    -17390.14303809416,
    2577.9994704378305,
    -4800.9944446952086
  ],
  "box": [
    493.16562373038914,
    -293.08046705727475,
    820.68289072830021,
    -41.297496566277005
  ],
  "window_items": [
    {
      "rect": [
        -965.35702989462879,
        -11811.461514753608,
        -265.357029894054,
        -11611.461514753608
      ]
    },
    {
      "rect": [
        -12165.357029894516,
        -11811.461234079525,
        -11564.767653917694,
        -11611.461514753606
      ]
    },
    {
      "rect": [
        -2065.3597987664834,
        -9661.461553531899,
        -1465.3597987664834,
        -9461.4516923644969
      ]
    },
    {
      "rect": [
        -12165.357029894516,
        -11811.461234079525,
        -11965.357029894425,
        -8911.461514753606
      ]
    }
  ]
}