{
  "dwg_name": "(T3) 12#楼105户型平面图（镜像）.dwg",
  "range": [
    -1.3234966900199652E-08,
    -46890.239890732824,
    24950.000001173841,
    -26890.239890732824
  ],
  "box": [
    33667.82483482582,
    12384.333364205115,
    34166.824834849554,
    12784.333364205115
  ],
  "balcony_items": []
}